defect_id,product_line,production_date,defect_type,defect_count,total_produced,defect_rate,severity,root_cause,created_date
1,Turbine Blades,2024-01-01,Dimensional Out-of-Spec,13,452,0.0288,Critical,Machine calibration,2024-01-01 00:00:00
2,Composite Panels,2024-01-01,Porosity,0,449,0.0,Critical,Process deviation,2024-01-01 00:00:00
3,Hydraulic Actuators,2024-01-02,Missing Component,21,544,0.0386,Critical,Environmental factors,2024-01-02 00:00:00
4,Composite Panels,2024-01-02,Incorrect Assembly,24,686,0.035,Major,Machine calibration,2024-01-02 00:00:00
5,Turbine Blades,2024-01-04,Coating Failure,30,675,0.0444,Critical,Machine calibration,2024-01-04 00:00:00
6,Control Valves,2024-01-05,Incorrect Assembly,33,926,0.0356,Minor,Operator error,2024-01-05 00:00:00
7,Control Valves,2024-01-07,Coating Failure,17,895,0.019,Minor,Material variance,2024-01-07 00:00:00
8,Control Valves,2024-01-07,Porosity,19,701,0.0271,Major,Machine calibration,2024-01-07 00:00:00
9,Engine Mounts,2024-01-10,Surface Scratch,14,870,0.0161,Critical,Machine calibration,2024-01-10 00:00:00
10,Composite Panels,2024-01-11,Surface Scratch,2,498,0.004,Critical,Process deviation,2024-01-11 00:00:00
11,Control Valves,2024-01-11,Weld Defect,1,176,0.0057,Minor,Operator error,2024-01-11 00:00:00
12,Turbine Blades,2024-01-11,Coating Failure,1,149,0.0067,Minor,Tool wear,2024-01-11 00:00:00
13,Landing Gear,2024-01-12,Thread Damage,20,400,0.05,Critical,Machine calibration,2024-01-12 00:00:00
14,Sensor Assemblies,2024-01-12,Coating Failure,7,155,0.0452,Critical,Machine calibration,2024-01-12 00:00:00
15,Engine Mounts,2024-01-13,Material Contamination,26,757,0.0343,Critical,Machine calibration,2024-01-13 00:00:00
16,Control Valves,2024-01-14,Missing Component,17,752,0.0226,Critical,Process deviation,2024-01-14 00:00:00
17,Engine Mounts,2024-01-14,Missing Component,19,553,0.0344,Major,Material variance,2024-01-14 00:00:00
18,Hydraulic Actuators,2024-01-16,Coating Failure,25,843,0.0297,Minor,Material variance,2024-01-16 00:00:00
19,Hydraulic Actuators,2024-01-16,Porosity,0,452,0.0,Critical,Machine calibration,2024-01-16 00:00:00
20,Engine Mounts,2024-01-16,Stress Crack,40,842,0.0475,Major,Tool wear,2024-01-16 00:00:00
21,Landing Gear,2024-01-17,Surface Scratch,16,887,0.018,Major,Environmental factors,2024-01-17 00:00:00
22,Landing Gear,2024-01-18,Weld Defect,3,299,0.01,Major,Material variance,2024-01-18 00:00:00
23,Landing Gear,2024-01-18,Incorrect Assembly,5,235,0.0213,Minor,Material variance,2024-01-18 00:00:00
24,Sensor Assemblies,2024-01-19,Stress Crack,3,510,0.0059,Minor,Tool wear,2024-01-19 00:00:00
25,Turbine Blades,2024-01-20,Dimensional Out-of-Spec,5,309,0.0162,Critical,Environmental factors,2024-01-20 00:00:00
26,Hydraulic Actuators,2024-01-20,Dimensional Out-of-Spec,3,100,0.03,Critical,Process deviation,2024-01-20 00:00:00
27,Control Valves,2024-01-20,Incorrect Assembly,32,944,0.0339,Critical,Process deviation,2024-01-20 00:00:00
28,Sensor Assemblies,2024-01-21,Weld Defect,3,485,0.0062,Critical,Process deviation,2024-01-21 00:00:00
29,Landing Gear,2024-01-21,Missing Component,34,783,0.0434,Major,Operator error,2024-01-21 00:00:00
30,Turbine Blades,2024-01-21,Thread Damage,10,843,0.0119,Major,Tool wear,2024-01-21 00:00:00
31,Composite Panels,2024-01-22,Surface Scratch,16,401,0.0399,Critical,Process deviation,2024-01-22 00:00:00
32,Precision Bearings,2024-01-23,Stress Crack,3,154,0.0195,Critical,Machine calibration,2024-01-23 00:00:00
33,Precision Bearings,2024-01-23,Coating Failure,6,951,0.0063,Major,Environmental factors,2024-01-23 00:00:00
34,Engine Mounts,2024-01-25,Porosity,31,858,0.0361,Critical,Material variance,2024-01-25 00:00:00
35,Landing Gear,2024-01-28,Thread Damage,31,999,0.031,Minor,Material variance,2024-01-28 00:00:00
36,Precision Bearings,2024-01-30,Material Contamination,26,631,0.0412,Minor,Environmental factors,2024-01-30 00:00:00
37,Engine Mounts,2024-01-31,Thread Damage,43,903,0.0476,Major,Material variance,2024-01-31 00:00:00
38,Composite Panels,2024-01-31,Porosity,14,987,0.0142,Critical,Tool wear,2024-01-31 00:00:00
39,Sensor Assemblies,2024-02-01,Incorrect Assembly,0,518,0.0,Critical,Environmental factors,2024-02-01 00:00:00
40,Turbine Blades,2024-02-02,Thread Damage,25,604,0.0414,Minor,Machine calibration,2024-02-02 00:00:00
41,Composite Panels,2024-02-02,Dimensional Out-of-Spec,21,512,0.041,Major,Process deviation,2024-02-02 00:00:00
42,Turbine Blades,2024-02-02,Weld Defect,15,512,0.0293,Major,Environmental factors,2024-02-02 00:00:00
43,Turbine Blades,2024-02-03,Coating Failure,0,473,0.0,Minor,Material variance,2024-02-03 00:00:00
44,Hydraulic Actuators,2024-02-05,Incorrect Assembly,11,329,0.0334,Minor,Material variance,2024-02-05 00:00:00
45,Sensor Assemblies,2024-02-07,Porosity,2,115,0.0174,Major,Tool wear,2024-02-07 00:00:00
46,Precision Bearings,2024-02-07,Material Contamination,18,514,0.035,Minor,Tool wear,2024-02-07 00:00:00
47,Hydraulic Actuators,2024-02-07,Incorrect Assembly,2,174,0.0115,Minor,Process deviation,2024-02-07 00:00:00
48,Turbine Blades,2024-02-08,Weld Defect,17,670,0.0254,Major,Environmental factors,2024-02-08 00:00:00
49,Precision Bearings,2024-02-08,Surface Scratch,34,902,0.0377,Critical,Material variance,2024-02-08 00:00:00
50,Turbine Blades,2024-02-08,Surface Scratch,21,971,0.0216,Minor,Machine calibration,2024-02-08 00:00:00
51,Composite Panels,2024-02-09,Missing Component,38,836,0.0455,Minor,Operator error,2024-02-09 00:00:00
52,Precision Bearings,2024-02-10,Thread Damage,21,720,0.0292,Minor,Environmental factors,2024-02-10 00:00:00
53,Sensor Assemblies,2024-02-13,Porosity,20,562,0.0356,Minor,Process deviation,2024-02-13 00:00:00
54,Turbine Blades,2024-02-13,Dimensional Out-of-Spec,28,811,0.0345,Major,Material variance,2024-02-13 00:00:00
55,Composite Panels,2024-02-14,Stress Crack,12,558,0.0215,Critical,Environmental factors,2024-02-14 00:00:00
56,Turbine Blades,2024-02-15,Missing Component,28,730,0.0384,Major,Tool wear,2024-02-15 00:00:00
57,Engine Mounts,2024-02-17,Stress Crack,34,725,0.0469,Major,Environmental factors,2024-02-17 00:00:00
58,Hydraulic Actuators,2024-02-17,Thread Damage,39,977,0.0399,Major,Environmental factors,2024-02-17 00:00:00
59,Engine Mounts,2024-02-17,Material Contamination,9,835,0.0108,Major,Environmental factors,2024-02-17 00:00:00
60,Engine Mounts,2024-02-18,Porosity,2,867,0.0023,Major,Machine calibration,2024-02-18 00:00:00
61,Hydraulic Actuators,2024-02-20,Incorrect Assembly,15,798,0.0188,Critical,Machine calibration,2024-02-20 00:00:00
62,Precision Bearings,2024-02-20,Incorrect Assembly,5,130,0.0385,Major,Process deviation,2024-02-20 00:00:00
63,Sensor Assemblies,2024-02-20,Thread Damage,29,802,0.0362,Critical,Tool wear,2024-02-20 00:00:00
64,Precision Bearings,2024-02-22,Incorrect Assembly,11,654,0.0168,Major,Operator error,2024-02-22 00:00:00
65,Hydraulic Actuators,2024-02-23,Stress Crack,25,636,0.0393,Minor,Process deviation,2024-02-23 00:00:00
66,Control Valves,2024-02-23,Thread Damage,5,243,0.0206,Major,Material variance,2024-02-23 00:00:00
67,Hydraulic Actuators,2024-02-24,Thread Damage,34,799,0.0426,Major,Process deviation,2024-02-24 00:00:00
68,Control Valves,2024-02-25,Incorrect Assembly,6,659,0.0091,Major,Material variance,2024-02-25 00:00:00
69,Landing Gear,2024-02-26,Material Contamination,20,800,0.025,Minor,Operator error,2024-02-26 00:00:00
70,Engine Mounts,2024-02-26,Incorrect Assembly,14,282,0.0496,Major,Material variance,2024-02-26 00:00:00
71,Composite Panels,2024-02-27,Weld Defect,14,703,0.0199,Major,Environmental factors,2024-02-27 00:00:00
72,Landing Gear,2024-02-28,Dimensional Out-of-Spec,16,328,0.0488,Minor,Machine calibration,2024-02-28 00:00:00
73,Composite Panels,2024-02-28,Surface Scratch,11,478,0.023,Minor,Process deviation,2024-02-28 00:00:00
74,Composite Panels,2024-02-29,Incorrect Assembly,35,970,0.0361,Critical,Environmental factors,2024-02-29 00:00:00
75,Sensor Assemblies,2024-02-29,Missing Component,31,874,0.0355,Major,Material variance,2024-02-29 00:00:00
76,Precision Bearings,2024-03-02,Porosity,7,743,0.0094,Minor,Tool wear,2024-03-02 00:00:00
77,Engine Mounts,2024-03-04,Weld Defect,0,268,0.0,Minor,Machine calibration,2024-03-04 00:00:00
78,Sensor Assemblies,2024-03-04,Missing Component,15,695,0.0216,Critical,Tool wear,2024-03-04 00:00:00
79,Sensor Assemblies,2024-03-04,Missing Component,12,315,0.0381,Critical,Operator error,2024-03-04 00:00:00
80,Engine Mounts,2024-03-05,Incorrect Assembly,5,210,0.0238,Critical,Tool wear,2024-03-05 00:00:00
81,Control Valves,2024-03-05,Incorrect Assembly,11,846,0.013,Minor,Material variance,2024-03-05 00:00:00
82,Engine Mounts,2024-03-06,Dimensional Out-of-Spec,33,845,0.0391,Critical,Process deviation,2024-03-06 00:00:00
83,Engine Mounts,2024-03-06,Surface Scratch,20,971,0.0206,Critical,Environmental factors,2024-03-06 00:00:00
84,Precision Bearings,2024-03-06,Dimensional Out-of-Spec,9,966,0.0093,Major,Tool wear,2024-03-06 00:00:00
85,Hydraulic Actuators,2024-03-08,Thread Damage,12,567,0.0212,Minor,Tool wear,2024-03-08 00:00:00
86,Engine Mounts,2024-03-08,Thread Damage,3,674,0.0045,Minor,Material variance,2024-03-08 00:00:00
87,Turbine Blades,2024-03-09,Material Contamination,11,378,0.0291,Critical,Environmental factors,2024-03-09 00:00:00
88,Sensor Assemblies,2024-03-09,Material Contamination,5,511,0.0098,Major,Environmental factors,2024-03-09 00:00:00
89,Composite Panels,2024-03-09,Incorrect Assembly,1,526,0.0019,Minor,Environmental factors,2024-03-09 00:00:00
90,Engine Mounts,2024-03-10,Missing Component,28,651,0.043,Major,Material variance,2024-03-10 00:00:00
91,Hydraulic Actuators,2024-03-10,Incorrect Assembly,22,604,0.0364,Minor,Operator error,2024-03-10 00:00:00
92,Precision Bearings,2024-03-10,Thread Damage,21,654,0.0321,Major,Operator error,2024-03-10 00:00:00
93,Precision Bearings,2024-03-11,Material Contamination,8,282,0.0284,Major,Environmental factors,2024-03-11 00:00:00
94,Landing Gear,2024-03-11,Incorrect Assembly,6,184,0.0326,Critical,Material variance,2024-03-11 00:00:00
95,Precision Bearings,2024-03-15,Weld Defect,20,481,0.0416,Minor,Machine calibration,2024-03-15 00:00:00
96,Landing Gear,2024-03-16,Dimensional Out-of-Spec,4,342,0.0117,Major,Operator error,2024-03-16 00:00:00
97,Turbine Blades,2024-03-18,Stress Crack,10,431,0.0232,Critical,Environmental factors,2024-03-18 00:00:00
98,Composite Panels,2024-03-19,Dimensional Out-of-Spec,11,668,0.0165,Major,Operator error,2024-03-19 00:00:00
99,Composite Panels,2024-03-20,Thread Damage,18,495,0.0364,Minor,Process deviation,2024-03-20 00:00:00
100,Hydraulic Actuators,2024-03-20,Weld Defect,30,611,0.0491,Major,Process deviation,2024-03-20 00:00:00
101,Precision Bearings,2024-03-21,Material Contamination,26,758,0.0343,Minor,Tool wear,2024-03-21 00:00:00
102,Hydraulic Actuators,2024-03-21,Material Contamination,16,475,0.0337,Major,Operator error,2024-03-21 00:00:00
103,Control Valves,2024-03-21,Weld Defect,8,171,0.0468,Critical,Machine calibration,2024-03-21 00:00:00
104,Control Valves,2024-03-23,Material Contamination,4,956,0.0042,Critical,Environmental factors,2024-03-23 00:00:00
105,Turbine Blades,2024-03-24,Thread Damage,19,741,0.0256,Critical,Tool wear,2024-03-24 00:00:00
106,Turbine Blades,2024-03-25,Weld Defect,8,192,0.0417,Major,Operator error,2024-03-25 00:00:00
107,Engine Mounts,2024-03-25,Porosity,3,263,0.0114,Major,Operator error,2024-03-25 00:00:00
108,Turbine Blades,2024-03-25,Stress Crack,10,645,0.0155,Major,Environmental factors,2024-03-25 00:00:00
109,Hydraulic Actuators,2024-03-27,Incorrect Assembly,11,905,0.0122,Major,Process deviation,2024-03-27 00:00:00
110,Sensor Assemblies,2024-03-27,Porosity,11,366,0.0301,Minor,Operator error,2024-03-27 00:00:00
111,Engine Mounts,2024-03-27,Material Contamination,6,238,0.0252,Minor,Tool wear,2024-03-27 00:00:00
112,Hydraulic Actuators,2024-03-28,Porosity,5,733,0.0068,Minor,Machine calibration,2024-03-28 00:00:00
113,Engine Mounts,2024-03-28,Porosity,21,491,0.0428,Critical,Machine calibration,2024-03-28 00:00:00
114,Turbine Blades,2024-03-30,Stress Crack,11,662,0.0166,Critical,Machine calibration,2024-03-30 00:00:00
115,Engine Mounts,2024-03-30,Stress Crack,1,279,0.0036,Minor,Material variance,2024-03-30 00:00:00
116,Control Valves,2024-03-30,Weld Defect,25,553,0.0452,Minor,Machine calibration,2024-03-30 00:00:00
117,Turbine Blades,2024-03-31,Material Contamination,5,433,0.0115,Critical,Environmental factors,2024-03-31 00:00:00
118,Composite Panels,2024-04-01,Coating Failure,1,275,0.0036,Major,Machine calibration,2024-04-01 00:00:00
119,Control Valves,2024-04-03,Weld Defect,9,666,0.0135,Critical,Operator error,2024-04-03 00:00:00
120,Sensor Assemblies,2024-04-03,Thread Damage,15,819,0.0183,Minor,Material variance,2024-04-03 00:00:00
121,Precision Bearings,2024-04-04,Dimensional Out-of-Spec,13,373,0.0349,Major,Machine calibration,2024-04-04 00:00:00
122,Engine Mounts,2024-04-04,Weld Defect,31,854,0.0363,Critical,Process deviation,2024-04-04 00:00:00
123,Control Valves,2024-04-05,Incorrect Assembly,4,120,0.0333,Major,Operator error,2024-04-05 00:00:00
124,Engine Mounts,2024-04-05,Material Contamination,7,725,0.0097,Major,Environmental factors,2024-04-05 00:00:00
125,Turbine Blades,2024-04-06,Material Contamination,9,291,0.0309,Major,Tool wear,2024-04-06 00:00:00
126,Hydraulic Actuators,2024-04-06,Weld Defect,5,156,0.0321,Minor,Environmental factors,2024-04-06 00:00:00
127,Engine Mounts,2024-04-06,Stress Crack,33,877,0.0376,Minor,Tool wear,2024-04-06 00:00:00
128,Engine Mounts,2024-04-07,Material Contamination,20,824,0.0243,Minor,Environmental factors,2024-04-07 00:00:00
129,Hydraulic Actuators,2024-04-08,Dimensional Out-of-Spec,0,252,0.0,Critical,Operator error,2024-04-08 00:00:00
130,Turbine Blades,2024-04-09,Material Contamination,12,661,0.0182,Critical,Tool wear,2024-04-09 00:00:00
131,Precision Bearings,2024-04-09,Stress Crack,35,879,0.0398,Minor,Machine calibration,2024-04-09 00:00:00
132,Engine Mounts,2024-04-09,Incorrect Assembly,28,631,0.0444,Minor,Material variance,2024-04-09 00:00:00
133,Sensor Assemblies,2024-04-10,Porosity,3,289,0.0104,Major,Tool wear,2024-04-10 00:00:00
134,Turbine Blades,2024-04-10,Missing Component,0,306,0.0,Major,Material variance,2024-04-10 00:00:00
135,Landing Gear,2024-04-11,Thread Damage,36,934,0.0385,Major,Tool wear,2024-04-11 00:00:00
136,Engine Mounts,2024-04-11,Material Contamination,5,168,0.0298,Critical,Machine calibration,2024-04-11 00:00:00
137,Landing Gear,2024-04-11,Material Contamination,6,123,0.0488,Minor,Environmental factors,2024-04-11 00:00:00
138,Sensor Assemblies,2024-04-12,Dimensional Out-of-Spec,1,779,0.0013,Major,Material variance,2024-04-12 00:00:00
139,Precision Bearings,2024-04-13,Weld Defect,32,769,0.0416,Critical,Environmental factors,2024-04-13 00:00:00
140,Control Valves,2024-04-13,Coating Failure,4,105,0.0381,Major,Tool wear,2024-04-13 00:00:00
141,Control Valves,2024-04-13,Stress Crack,37,803,0.0461,Critical,Environmental factors,2024-04-13 00:00:00
142,Composite Panels,2024-04-15,Material Contamination,2,149,0.0134,Critical,Material variance,2024-04-15 00:00:00
143,Landing Gear,2024-04-16,Stress Crack,43,987,0.0436,Major,Process deviation,2024-04-16 00:00:00
144,Turbine Blades,2024-04-17,Dimensional Out-of-Spec,9,217,0.0415,Critical,Tool wear,2024-04-17 00:00:00
145,Composite Panels,2024-04-18,Material Contamination,2,207,0.0097,Critical,Tool wear,2024-04-18 00:00:00
146,Turbine Blades,2024-04-18,Incorrect Assembly,4,557,0.0072,Minor,Machine calibration,2024-04-18 00:00:00
147,Engine Mounts,2024-04-18,Thread Damage,6,354,0.0169,Minor,Machine calibration,2024-04-18 00:00:00
148,Turbine Blades,2024-04-19,Weld Defect,18,400,0.045,Major,Process deviation,2024-04-19 00:00:00
149,Control Valves,2024-04-20,Material Contamination,0,649,0.0,Major,Machine calibration,2024-04-20 00:00:00
150,Precision Bearings,2024-04-20,Dimensional Out-of-Spec,33,895,0.0369,Critical,Operator error,2024-04-20 00:00:00
151,Landing Gear,2024-04-21,Surface Scratch,4,192,0.0208,Minor,Machine calibration,2024-04-21 00:00:00
152,Hydraulic Actuators,2024-04-22,Thread Damage,0,445,0.0,Minor,Operator error,2024-04-22 00:00:00
153,Hydraulic Actuators,2024-04-22,Missing Component,9,253,0.0356,Major,Material variance,2024-04-22 00:00:00
154,Turbine Blades,2024-04-22,Weld Defect,37,960,0.0385,Minor,Operator error,2024-04-22 00:00:00
155,Composite Panels,2024-04-23,Surface Scratch,4,959,0.0042,Critical,Machine calibration,2024-04-23 00:00:00
156,Sensor Assemblies,2024-04-23,Thread Damage,11,231,0.0476,Major,Tool wear,2024-04-23 00:00:00
157,Engine Mounts,2024-04-25,Missing Component,2,221,0.009,Critical,Process deviation,2024-04-25 00:00:00
158,Sensor Assemblies,2024-04-26,Coating Failure,23,652,0.0353,Major,Material variance,2024-04-26 00:00:00
159,Control Valves,2024-04-26,Missing Component,1,966,0.001,Critical,Machine calibration,2024-04-26 00:00:00
160,Turbine Blades,2024-04-27,Surface Scratch,7,244,0.0287,Major,Tool wear,2024-04-27 00:00:00
161,Hydraulic Actuators,2024-04-28,Porosity,7,590,0.0119,Major,Operator error,2024-04-28 00:00:00
162,Turbine Blades,2024-04-28,Thread Damage,9,270,0.0333,Critical,Process deviation,2024-04-28 00:00:00
163,Composite Panels,2024-04-30,Surface Scratch,37,982,0.0377,Major,Material variance,2024-04-30 00:00:00
164,Hydraulic Actuators,2024-04-30,Porosity,4,229,0.0175,Minor,Tool wear,2024-04-30 00:00:00
165,Sensor Assemblies,2024-04-30,Material Contamination,8,427,0.0187,Minor,Machine calibration,2024-04-30 00:00:00
166,Precision Bearings,2024-05-02,Surface Scratch,1,133,0.0075,Critical,Tool wear,2024-05-02 00:00:00
167,Composite Panels,2024-05-03,Stress Crack,18,608,0.0296,Major,Process deviation,2024-05-03 00:00:00
168,Precision Bearings,2024-05-03,Incorrect Assembly,4,737,0.0054,Major,Environmental factors,2024-05-03 00:00:00
169,Sensor Assemblies,2024-05-04,Material Contamination,13,391,0.0332,Critical,Operator error,2024-05-04 00:00:00
170,Engine Mounts,2024-05-04,Material Contamination,6,961,0.0062,Major,Process deviation,2024-05-04 00:00:00
171,Turbine Blades,2024-05-05,Porosity,0,213,0.0,Critical,Tool wear,2024-05-05 00:00:00
172,Landing Gear,2024-05-05,Surface Scratch,1,139,0.0072,Minor,Process deviation,2024-05-05 00:00:00
173,Control Valves,2024-05-05,Coating Failure,7,202,0.0347,Major,Tool wear,2024-05-05 00:00:00
174,Hydraulic Actuators,2024-05-06,Surface Scratch,16,533,0.03,Minor,Tool wear,2024-05-06 00:00:00
175,Landing Gear,2024-05-06,Incorrect Assembly,46,931,0.0494,Major,Tool wear,2024-05-06 00:00:00
176,Hydraulic Actuators,2024-05-06,Dimensional Out-of-Spec,1,706,0.0014,Major,Machine calibration,2024-05-06 00:00:00
177,Landing Gear,2024-05-08,Coating Failure,1,300,0.0033,Major,Tool wear,2024-05-08 00:00:00
178,Control Valves,2024-05-08,Weld Defect,7,155,0.0452,Major,Tool wear,2024-05-08 00:00:00
179,Turbine Blades,2024-05-08,Incorrect Assembly,18,932,0.0193,Minor,Operator error,2024-05-08 00:00:00
180,Precision Bearings,2024-05-09,Material Contamination,12,304,0.0395,Critical,Machine calibration,2024-05-09 00:00:00
181,Control Valves,2024-05-09,Thread Damage,0,125,0.0,Major,Material variance,2024-05-09 00:00:00
182,Sensor Assemblies,2024-05-09,Stress Crack,22,644,0.0342,Major,Machine calibration,2024-05-09 00:00:00
183,Precision Bearings,2024-05-10,Weld Defect,0,608,0.0,Critical,Environmental factors,2024-05-10 00:00:00
184,Turbine Blades,2024-05-10,Weld Defect,6,441,0.0136,Minor,Process deviation,2024-05-10 00:00:00
185,Hydraulic Actuators,2024-05-10,Missing Component,28,942,0.0297,Major,Process deviation,2024-05-10 00:00:00
186,Hydraulic Actuators,2024-05-11,Thread Damage,5,180,0.0278,Critical,Environmental factors,2024-05-11 00:00:00
187,Control Valves,2024-05-11,Stress Crack,8,950,0.0084,Critical,Tool wear,2024-05-11 00:00:00
188,Turbine Blades,2024-05-11,Coating Failure,12,372,0.0323,Major,Tool wear,2024-05-11 00:00:00
189,Sensor Assemblies,2024-05-12,Surface Scratch,37,741,0.0499,Critical,Tool wear,2024-05-12 00:00:00
190,Turbine Blades,2024-05-12,Stress Crack,18,557,0.0323,Minor,Process deviation,2024-05-12 00:00:00
191,Turbine Blades,2024-05-14,Missing Component,5,120,0.0417,Minor,Material variance,2024-05-14 00:00:00
192,Landing Gear,2024-05-14,Thread Damage,45,940,0.0479,Minor,Machine calibration,2024-05-14 00:00:00
193,Turbine Blades,2024-05-15,Dimensional Out-of-Spec,7,422,0.0166,Major,Material variance,2024-05-15 00:00:00
194,Turbine Blades,2024-05-15,Surface Scratch,16,361,0.0443,Minor,Operator error,2024-05-15 00:00:00
195,Composite Panels,2024-05-16,Porosity,38,902,0.0421,Major,Machine calibration,2024-05-16 00:00:00
196,Control Valves,2024-05-16,Weld Defect,4,763,0.0052,Major,Environmental factors,2024-05-16 00:00:00
197,Engine Mounts,2024-05-16,Coating Failure,7,801,0.0087,Major,Environmental factors,2024-05-16 00:00:00
198,Landing Gear,2024-05-17,Dimensional Out-of-Spec,12,520,0.0231,Critical,Material variance,2024-05-17 00:00:00
199,Engine Mounts,2024-05-17,Stress Crack,1,393,0.0025,Major,Environmental factors,2024-05-17 00:00:00
200,Control Valves,2024-05-18,Incorrect Assembly,5,338,0.0148,Major,Material variance,2024-05-18 00:00:00
201,Control Valves,2024-05-18,Thread Damage,32,854,0.0375,Minor,Operator error,2024-05-18 00:00:00
202,Turbine Blades,2024-05-20,Material Contamination,4,168,0.0238,Major,Machine calibration,2024-05-20 00:00:00
203,Hydraulic Actuators,2024-05-20,Stress Crack,1,126,0.0079,Critical,Environmental factors,2024-05-20 00:00:00
204,Engine Mounts,2024-05-20,Material Contamination,34,939,0.0362,Critical,Tool wear,2024-05-20 00:00:00
205,Turbine Blades,2024-05-21,Surface Scratch,10,961,0.0104,Minor,Machine calibration,2024-05-21 00:00:00
206,Precision Bearings,2024-05-21,Dimensional Out-of-Spec,8,197,0.0406,Critical,Operator error,2024-05-21 00:00:00
207,Engine Mounts,2024-05-21,Dimensional Out-of-Spec,1,250,0.004,Major,Tool wear,2024-05-21 00:00:00
208,Turbine Blades,2024-05-22,Porosity,4,934,0.0043,Major,Operator error,2024-05-22 00:00:00
209,Precision Bearings,2024-05-22,Material Contamination,8,647,0.0124,Critical,Process deviation,2024-05-22 00:00:00
210,Control Valves,2024-05-23,Porosity,28,684,0.0409,Major,Process deviation,2024-05-23 00:00:00
211,Turbine Blades,2024-05-23,Surface Scratch,11,652,0.0169,Critical,Operator error,2024-05-23 00:00:00
212,Engine Mounts,2024-05-25,Dimensional Out-of-Spec,15,427,0.0351,Critical,Material variance,2024-05-25 00:00:00
213,Composite Panels,2024-05-25,Missing Component,5,676,0.0074,Minor,Process deviation,2024-05-25 00:00:00
214,Landing Gear,2024-05-25,Dimensional Out-of-Spec,41,882,0.0465,Critical,Environmental factors,2024-05-25 00:00:00
215,Precision Bearings,2024-05-26,Thread Damage,10,910,0.011,Minor,Process deviation,2024-05-26 00:00:00
216,Hydraulic Actuators,2024-05-26,Coating Failure,23,574,0.0401,Minor,Machine calibration,2024-05-26 00:00:00
217,Engine Mounts,2024-05-26,Missing Component,3,780,0.0038,Critical,Environmental factors,2024-05-26 00:00:00
218,Control Valves,2024-05-27,Missing Component,7,830,0.0084,Critical,Environmental factors,2024-05-27 00:00:00
219,Composite Panels,2024-05-27,Coating Failure,5,215,0.0233,Critical,Process deviation,2024-05-27 00:00:00
220,Hydraulic Actuators,2024-05-28,Porosity,9,599,0.015,Minor,Material variance,2024-05-28 00:00:00
221,Composite Panels,2024-05-29,Stress Crack,3,462,0.0065,Minor,Machine calibration,2024-05-29 00:00:00
222,Composite Panels,2024-05-29,Surface Scratch,4,286,0.014,Minor,Process deviation,2024-05-29 00:00:00
223,Composite Panels,2024-05-30,Weld Defect,17,492,0.0346,Minor,Operator error,2024-05-30 00:00:00
224,Composite Panels,2024-05-30,Stress Crack,2,126,0.0159,Minor,Operator error,2024-05-30 00:00:00
225,Landing Gear,2024-05-31,Material Contamination,0,554,0.0,Minor,Operator error,2024-05-31 00:00:00
226,Hydraulic Actuators,2024-06-02,Thread Damage,5,263,0.019,Critical,Machine calibration,2024-06-02 00:00:00
227,Composite Panels,2024-06-02,Porosity,17,381,0.0446,Critical,Tool wear,2024-06-02 00:00:00
228,Control Valves,2024-06-02,Coating Failure,17,372,0.0457,Minor,Machine calibration,2024-06-02 00:00:00
229,Turbine Blades,2024-06-03,Missing Component,4,546,0.0073,Major,Process deviation,2024-06-03 00:00:00
230,Engine Mounts,2024-06-04,Coating Failure,4,716,0.0056,Critical,Environmental factors,2024-06-04 00:00:00
231,Landing Gear,2024-06-07,Thread Damage,3,319,0.0094,Minor,Material variance,2024-06-07 00:00:00
232,Sensor Assemblies,2024-06-07,Material Contamination,38,777,0.0489,Critical,Machine calibration,2024-06-07 00:00:00
233,Landing Gear,2024-06-08,Stress Crack,6,338,0.0178,Minor,Process deviation,2024-06-08 00:00:00
234,Turbine Blades,2024-06-08,Weld Defect,5,449,0.0111,Critical,Operator error,2024-06-08 00:00:00
235,Sensor Assemblies,2024-06-08,Dimensional Out-of-Spec,32,669,0.0478,Major,Operator error,2024-06-08 00:00:00
236,Sensor Assemblies,2024-06-10,Stress Crack,9,385,0.0234,Critical,Operator error,2024-06-10 00:00:00
237,Sensor Assemblies,2024-06-13,Weld Defect,2,765,0.0026,Minor,Operator error,2024-06-13 00:00:00
238,Precision Bearings,2024-06-13,Thread Damage,6,128,0.0469,Major,Process deviation,2024-06-13 00:00:00
239,Landing Gear,2024-06-13,Stress Crack,24,581,0.0413,Minor,Tool wear,2024-06-13 00:00:00
240,Precision Bearings,2024-06-14,Thread Damage,34,708,0.048,Minor,Machine calibration,2024-06-14 00:00:00
241,Engine Mounts,2024-06-17,Material Contamination,35,953,0.0367,Critical,Operator error,2024-06-17 00:00:00
242,Landing Gear,2024-06-17,Coating Failure,8,553,0.0145,Minor,Tool wear,2024-06-17 00:00:00
243,Control Valves,2024-06-17,Thread Damage,20,959,0.0209,Critical,Process deviation,2024-06-17 00:00:00
244,Precision Bearings,2024-06-18,Thread Damage,27,659,0.041,Minor,Environmental factors,2024-06-18 00:00:00
245,Control Valves,2024-06-18,Coating Failure,37,815,0.0454,Minor,Environmental factors,2024-06-18 00:00:00
246,Engine Mounts,2024-06-18,Coating Failure,16,419,0.0382,Minor,Operator error,2024-06-18 00:00:00
247,Sensor Assemblies,2024-06-20,Incorrect Assembly,16,702,0.0228,Minor,Tool wear,2024-06-20 00:00:00
248,Landing Gear,2024-06-20,Material Contamination,9,227,0.0396,Minor,Environmental factors,2024-06-20 00:00:00
249,Turbine Blades,2024-06-21,Stress Crack,43,965,0.0446,Major,Material variance,2024-06-21 00:00:00
250,Turbine Blades,2024-06-22,Dimensional Out-of-Spec,3,459,0.0065,Major,Tool wear,2024-06-22 00:00:00
251,Composite Panels,2024-06-22,Weld Defect,3,799,0.0038,Minor,Environmental factors,2024-06-22 00:00:00
252,Composite Panels,2024-06-22,Incorrect Assembly,13,312,0.0417,Critical,Process deviation,2024-06-22 00:00:00
253,Landing Gear,2024-06-23,Incorrect Assembly,16,627,0.0255,Major,Environmental factors,2024-06-23 00:00:00
254,Engine Mounts,2024-06-25,Surface Scratch,0,107,0.0,Minor,Machine calibration,2024-06-25 00:00:00
255,Precision Bearings,2024-06-25,Missing Component,8,926,0.0086,Minor,Environmental factors,2024-06-25 00:00:00
256,Precision Bearings,2024-06-25,Missing Component,0,283,0.0,Major,Process deviation,2024-06-25 00:00:00
257,Composite Panels,2024-06-26,Coating Failure,15,541,0.0277,Critical,Operator error,2024-06-26 00:00:00
258,Composite Panels,2024-06-26,Surface Scratch,5,368,0.0136,Major,Operator error,2024-06-26 00:00:00
259,Sensor Assemblies,2024-06-27,Stress Crack,24,601,0.0399,Major,Environmental factors,2024-06-27 00:00:00
260,Turbine Blades,2024-06-27,Missing Component,28,684,0.0409,Major,Material variance,2024-06-27 00:00:00
261,Control Valves,2024-06-27,Thread Damage,32,900,0.0356,Critical,Process deviation,2024-06-27 00:00:00
262,Control Valves,2024-06-28,Missing Component,23,977,0.0235,Major,Process deviation,2024-06-28 00:00:00
263,Hydraulic Actuators,2024-06-29,Incorrect Assembly,26,888,0.0293,Minor,Operator error,2024-06-29 00:00:00
264,Sensor Assemblies,2024-07-02,Weld Defect,22,718,0.0306,Critical,Tool wear,2024-07-02 00:00:00
265,Composite Panels,2024-07-02,Material Contamination,13,264,0.0492,Critical,Material variance,2024-07-02 00:00:00
266,Hydraulic Actuators,2024-07-02,Stress Crack,5,401,0.0125,Major,Process deviation,2024-07-02 00:00:00
267,Precision Bearings,2024-07-03,Incorrect Assembly,4,510,0.0078,Minor,Tool wear,2024-07-03 00:00:00
268,Composite Panels,2024-07-03,Dimensional Out-of-Spec,0,128,0.0,Critical,Operator error,2024-07-03 00:00:00
269,Landing Gear,2024-07-03,Porosity,5,194,0.0258,Major,Environmental factors,2024-07-03 00:00:00
270,Turbine Blades,2024-07-04,Surface Scratch,4,106,0.0377,Critical,Process deviation,2024-07-04 00:00:00
271,Composite Panels,2024-07-04,Stress Crack,22,592,0.0372,Minor,Material variance,2024-07-04 00:00:00
272,Control Valves,2024-07-04,Material Contamination,5,995,0.005,Minor,Environmental factors,2024-07-04 00:00:00
273,Engine Mounts,2024-07-05,Missing Component,0,904,0.0,Major,Material variance,2024-07-05 00:00:00
274,Composite Panels,2024-07-05,Material Contamination,16,911,0.0176,Minor,Process deviation,2024-07-05 00:00:00
275,Landing Gear,2024-07-07,Weld Defect,0,268,0.0,Minor,Operator error,2024-07-07 00:00:00
276,Engine Mounts,2024-07-08,Coating Failure,7,450,0.0156,Major,Machine calibration,2024-07-08 00:00:00
277,Turbine Blades,2024-07-09,Incorrect Assembly,17,572,0.0297,Minor,Material variance,2024-07-09 00:00:00
278,Sensor Assemblies,2024-07-09,Material Contamination,16,371,0.0431,Major,Material variance,2024-07-09 00:00:00
279,Landing Gear,2024-07-09,Weld Defect,35,787,0.0445,Minor,Operator error,2024-07-09 00:00:00
280,Sensor Assemblies,2024-07-10,Surface Scratch,17,916,0.0186,Critical,Machine calibration,2024-07-10 00:00:00
281,Composite Panels,2024-07-10,Incorrect Assembly,9,360,0.025,Major,Machine calibration,2024-07-10 00:00:00
282,Sensor Assemblies,2024-07-11,Weld Defect,9,857,0.0105,Critical,Tool wear,2024-07-11 00:00:00
283,Hydraulic Actuators,2024-07-11,Stress Crack,2,298,0.0067,Major,Environmental factors,2024-07-11 00:00:00
284,Engine Mounts,2024-07-11,Dimensional Out-of-Spec,39,798,0.0489,Major,Process deviation,2024-07-11 00:00:00
285,Control Valves,2024-07-12,Material Contamination,9,348,0.0259,Major,Material variance,2024-07-12 00:00:00
286,Turbine Blades,2024-07-12,Porosity,13,296,0.0439,Minor,Process deviation,2024-07-12 00:00:00
287,Hydraulic Actuators,2024-07-12,Stress Crack,4,939,0.0043,Major,Machine calibration,2024-07-12 00:00:00
288,Control Valves,2024-07-16,Missing Component,2,946,0.0021,Major,Machine calibration,2024-07-16 00:00:00
289,Control Valves,2024-07-16,Thread Damage,3,133,0.0226,Critical,Operator error,2024-07-16 00:00:00
290,Hydraulic Actuators,2024-07-16,Incorrect Assembly,7,373,0.0188,Critical,Operator error,2024-07-16 00:00:00
291,Engine Mounts,2024-07-21,Missing Component,16,585,0.0274,Minor,Tool wear,2024-07-21 00:00:00
292,Composite Panels,2024-07-21,Missing Component,5,453,0.011,Major,Operator error,2024-07-21 00:00:00
293,Sensor Assemblies,2024-07-21,Coating Failure,8,367,0.0218,Critical,Environmental factors,2024-07-21 00:00:00
294,Sensor Assemblies,2024-07-22,Stress Crack,4,804,0.005,Minor,Environmental factors,2024-07-22 00:00:00
295,Engine Mounts,2024-07-23,Dimensional Out-of-Spec,35,821,0.0426,Critical,Machine calibration,2024-07-23 00:00:00
296,Control Valves,2024-07-24,Material Contamination,7,759,0.0092,Minor,Process deviation,2024-07-24 00:00:00
297,Precision Bearings,2024-07-24,Coating Failure,34,995,0.0342,Minor,Environmental factors,2024-07-24 00:00:00
298,Hydraulic Actuators,2024-07-25,Thread Damage,44,882,0.0499,Critical,Operator error,2024-07-25 00:00:00
299,Sensor Assemblies,2024-07-25,Material Contamination,18,592,0.0304,Major,Tool wear,2024-07-25 00:00:00
300,Precision Bearings,2024-07-25,Material Contamination,28,959,0.0292,Major,Process deviation,2024-07-25 00:00:00
301,Turbine Blades,2024-07-26,Thread Damage,5,929,0.0054,Minor,Machine calibration,2024-07-26 00:00:00
302,Precision Bearings,2024-07-27,Material Contamination,4,279,0.0143,Critical,Environmental factors,2024-07-27 00:00:00
303,Control Valves,2024-07-27,Material Contamination,28,706,0.0397,Minor,Material variance,2024-07-27 00:00:00
304,Control Valves,2024-07-27,Material Contamination,6,681,0.0088,Critical,Machine calibration,2024-07-27 00:00:00
305,Turbine Blades,2024-07-28,Thread Damage,5,501,0.01,Critical,Material variance,2024-07-28 00:00:00
306,Turbine Blades,2024-07-28,Porosity,36,828,0.0435,Critical,Material variance,2024-07-28 00:00:00
307,Hydraulic Actuators,2024-07-28,Dimensional Out-of-Spec,0,224,0.0,Critical,Material variance,2024-07-28 00:00:00
308,Hydraulic Actuators,2024-07-29,Dimensional Out-of-Spec,0,102,0.0,Minor,Environmental factors,2024-07-29 00:00:00
309,Engine Mounts,2024-07-30,Dimensional Out-of-Spec,12,544,0.0221,Critical,Tool wear,2024-07-30 00:00:00
310,Engine Mounts,2024-07-30,Dimensional Out-of-Spec,24,832,0.0288,Critical,Environmental factors,2024-07-30 00:00:00
311,Landing Gear,2024-07-30,Weld Defect,18,937,0.0192,Major,Process deviation,2024-07-30 00:00:00
312,Turbine Blades,2024-08-01,Porosity,15,841,0.0178,Major,Operator error,2024-08-01 00:00:00
313,Control Valves,2024-08-01,Thread Damage,5,756,0.0066,Minor,Tool wear,2024-08-01 00:00:00
314,Precision Bearings,2024-08-02,Porosity,25,531,0.0471,Minor,Material variance,2024-08-02 00:00:00
315,Control Valves,2024-08-02,Coating Failure,9,422,0.0213,Minor,Operator error,2024-08-02 00:00:00
316,Landing Gear,2024-08-02,Weld Defect,0,135,0.0,Minor,Tool wear,2024-08-02 00:00:00
317,Composite Panels,2024-08-03,Incorrect Assembly,0,286,0.0,Major,Operator error,2024-08-03 00:00:00
318,Composite Panels,2024-08-03,Dimensional Out-of-Spec,26,548,0.0474,Major,Tool wear,2024-08-03 00:00:00
319,Turbine Blades,2024-08-03,Coating Failure,13,546,0.0238,Major,Operator error,2024-08-03 00:00:00
320,Sensor Assemblies,2024-08-07,Dimensional Out-of-Spec,2,406,0.0049,Minor,Material variance,2024-08-07 00:00:00
321,Precision Bearings,2024-08-07,Porosity,3,101,0.0297,Major,Tool wear,2024-08-07 00:00:00
322,Composite Panels,2024-08-07,Thread Damage,17,728,0.0234,Major,Tool wear,2024-08-07 00:00:00
323,Control Valves,2024-08-09,Porosity,13,540,0.0241,Critical,Operator error,2024-08-09 00:00:00
324,Hydraulic Actuators,2024-08-09,Thread Damage,17,486,0.035,Minor,Environmental factors,2024-08-09 00:00:00
325,Hydraulic Actuators,2024-08-10,Stress Crack,19,497,0.0382,Critical,Environmental factors,2024-08-10 00:00:00
326,Control Valves,2024-08-10,Porosity,27,652,0.0414,Minor,Environmental factors,2024-08-10 00:00:00
327,Landing Gear,2024-08-10,Stress Crack,16,583,0.0274,Minor,Tool wear,2024-08-10 00:00:00
328,Turbine Blades,2024-08-11,Coating Failure,18,479,0.0376,Critical,Operator error,2024-08-11 00:00:00
329,Engine Mounts,2024-08-11,Thread Damage,4,964,0.0041,Major,Process deviation,2024-08-11 00:00:00
330,Hydraulic Actuators,2024-08-13,Material Contamination,0,122,0.0,Major,Machine calibration,2024-08-13 00:00:00
331,Engine Mounts,2024-08-14,Porosity,40,969,0.0413,Minor,Environmental factors,2024-08-14 00:00:00
332,Hydraulic Actuators,2024-08-14,Missing Component,0,489,0.0,Critical,Environmental factors,2024-08-14 00:00:00
333,Hydraulic Actuators,2024-08-16,Incorrect Assembly,7,174,0.0402,Major,Environmental factors,2024-08-16 00:00:00
334,Sensor Assemblies,2024-08-16,Stress Crack,7,220,0.0318,Major,Operator error,2024-08-16 00:00:00
335,Engine Mounts,2024-08-18,Thread Damage,12,403,0.0298,Critical,Tool wear,2024-08-18 00:00:00
336,Precision Bearings,2024-08-20,Thread Damage,9,194,0.0464,Major,Material variance,2024-08-20 00:00:00
337,Precision Bearings,2024-08-21,Material Contamination,2,281,0.0071,Minor,Process deviation,2024-08-21 00:00:00
338,Sensor Assemblies,2024-08-21,Stress Crack,4,624,0.0064,Critical,Machine calibration,2024-08-21 00:00:00
339,Precision Bearings,2024-08-21,Missing Component,23,838,0.0274,Critical,Tool wear,2024-08-21 00:00:00
340,Precision Bearings,2024-08-22,Surface Scratch,15,481,0.0312,Major,Process deviation,2024-08-22 00:00:00
341,Hydraulic Actuators,2024-08-22,Material Contamination,4,102,0.0392,Critical,Operator error,2024-08-22 00:00:00
342,Turbine Blades,2024-08-23,Surface Scratch,36,827,0.0435,Minor,Tool wear,2024-08-23 00:00:00
343,Landing Gear,2024-08-23,Weld Defect,25,747,0.0335,Minor,Operator error,2024-08-23 00:00:00
344,Composite Panels,2024-08-23,Stress Crack,1,381,0.0026,Critical,Material variance,2024-08-23 00:00:00
345,Precision Bearings,2024-08-24,Material Contamination,30,967,0.031,Minor,Material variance,2024-08-24 00:00:00
346,Precision Bearings,2024-08-25,Dimensional Out-of-Spec,0,105,0.0,Major,Environmental factors,2024-08-25 00:00:00
347,Hydraulic Actuators,2024-08-25,Missing Component,11,264,0.0417,Minor,Process deviation,2024-08-25 00:00:00
348,Landing Gear,2024-08-26,Dimensional Out-of-Spec,6,239,0.0251,Major,Environmental factors,2024-08-26 00:00:00
349,Turbine Blades,2024-08-27,Surface Scratch,2,593,0.0034,Major,Environmental factors,2024-08-27 00:00:00
350,Turbine Blades,2024-08-27,Thread Damage,1,193,0.0052,Major,Tool wear,2024-08-27 00:00:00
351,Engine Mounts,2024-08-28,Dimensional Out-of-Spec,6,926,0.0065,Major,Material variance,2024-08-28 00:00:00
352,Landing Gear,2024-08-29,Incorrect Assembly,2,865,0.0023,Critical,Process deviation,2024-08-29 00:00:00
353,Turbine Blades,2024-08-29,Material Contamination,36,940,0.0383,Critical,Tool wear,2024-08-29 00:00:00
354,Turbine Blades,2024-08-29,Coating Failure,2,573,0.0035,Minor,Operator error,2024-08-29 00:00:00
355,Precision Bearings,2024-09-01,Porosity,5,817,0.0061,Minor,Operator error,2024-09-01 00:00:00
356,Sensor Assemblies,2024-09-01,Weld Defect,18,815,0.0221,Minor,Material variance,2024-09-01 00:00:00
357,Engine Mounts,2024-09-01,Porosity,18,523,0.0344,Minor,Material variance,2024-09-01 00:00:00
358,Sensor Assemblies,2024-09-02,Missing Component,9,234,0.0385,Major,Process deviation,2024-09-02 00:00:00
359,Landing Gear,2024-09-02,Dimensional Out-of-Spec,26,523,0.0497,Minor,Machine calibration,2024-09-02 00:00:00
360,Hydraulic Actuators,2024-09-02,Missing Component,6,585,0.0103,Minor,Tool wear,2024-09-02 00:00:00
361,Landing Gear,2024-09-03,Incorrect Assembly,2,136,0.0147,Critical,Material variance,2024-09-03 00:00:00
362,Composite Panels,2024-09-04,Dimensional Out-of-Spec,5,327,0.0153,Major,Operator error,2024-09-04 00:00:00
363,Control Valves,2024-09-04,Stress Crack,23,902,0.0255,Major,Environmental factors,2024-09-04 00:00:00
364,Sensor Assemblies,2024-09-05,Coating Failure,9,992,0.0091,Minor,Tool wear,2024-09-05 00:00:00
365,Precision Bearings,2024-09-06,Surface Scratch,27,658,0.041,Minor,Process deviation,2024-09-06 00:00:00
366,Engine Mounts,2024-09-06,Porosity,9,298,0.0302,Critical,Machine calibration,2024-09-06 00:00:00
367,Precision Bearings,2024-09-06,Porosity,17,406,0.0419,Critical,Environmental factors,2024-09-06 00:00:00
368,Hydraulic Actuators,2024-09-07,Coating Failure,7,425,0.0165,Minor,Operator error,2024-09-07 00:00:00
369,Composite Panels,2024-09-07,Surface Scratch,8,241,0.0332,Major,Operator error,2024-09-07 00:00:00
370,Engine Mounts,2024-09-09,Coating Failure,1,383,0.0026,Major,Process deviation,2024-09-09 00:00:00
371,Sensor Assemblies,2024-09-09,Incorrect Assembly,2,460,0.0043,Major,Material variance,2024-09-09 00:00:00
372,Control Valves,2024-09-09,Surface Scratch,11,678,0.0162,Minor,Tool wear,2024-09-09 00:00:00
373,Sensor Assemblies,2024-09-10,Stress Crack,0,209,0.0,Minor,Machine calibration,2024-09-10 00:00:00
374,Precision Bearings,2024-09-10,Thread Damage,1,848,0.0012,Critical,Material variance,2024-09-10 00:00:00
375,Composite Panels,2024-09-14,Surface Scratch,9,197,0.0457,Critical,Operator error,2024-09-14 00:00:00
376,Precision Bearings,2024-09-14,Coating Failure,28,821,0.0341,Critical,Machine calibration,2024-09-14 00:00:00
377,Hydraulic Actuators,2024-09-14,Surface Scratch,10,272,0.0368,Major,Machine calibration,2024-09-14 00:00:00
378,Control Valves,2024-09-15,Dimensional Out-of-Spec,8,422,0.019,Minor,Material variance,2024-09-15 00:00:00
379,Turbine Blades,2024-09-15,Material Contamination,2,184,0.0109,Major,Operator error,2024-09-15 00:00:00
380,Turbine Blades,2024-09-16,Coating Failure,1,110,0.0091,Minor,Tool wear,2024-09-16 00:00:00
381,Landing Gear,2024-09-16,Incorrect Assembly,3,427,0.007,Critical,Machine calibration,2024-09-16 00:00:00
382,Sensor Assemblies,2024-09-17,Thread Damage,41,917,0.0447,Major,Process deviation,2024-09-17 00:00:00
383,Turbine Blades,2024-09-18,Surface Scratch,9,548,0.0164,Major,Tool wear,2024-09-18 00:00:00
384,Engine Mounts,2024-09-18,Material Contamination,12,821,0.0146,Major,Environmental factors,2024-09-18 00:00:00
385,Sensor Assemblies,2024-09-20,Weld Defect,1,759,0.0013,Minor,Tool wear,2024-09-20 00:00:00
386,Turbine Blades,2024-09-20,Missing Component,3,109,0.0275,Minor,Environmental factors,2024-09-20 00:00:00
387,Precision Bearings,2024-09-21,Weld Defect,0,891,0.0,Minor,Environmental factors,2024-09-21 00:00:00
388,Sensor Assemblies,2024-09-24,Weld Defect,0,229,0.0,Major,Tool wear,2024-09-24 00:00:00
389,Precision Bearings,2024-09-24,Porosity,1,165,0.0061,Major,Machine calibration,2024-09-24 00:00:00
390,Sensor Assemblies,2024-09-26,Porosity,11,730,0.0151,Major,Operator error,2024-09-26 00:00:00
391,Sensor Assemblies,2024-09-27,Incorrect Assembly,36,802,0.0449,Critical,Tool wear,2024-09-27 00:00:00
392,Composite Panels,2024-09-28,Surface Scratch,0,172,0.0,Major,Process deviation,2024-09-28 00:00:00
393,Turbine Blades,2024-09-28,Coating Failure,1,759,0.0013,Minor,Process deviation,2024-09-28 00:00:00
394,Engine Mounts,2024-10-01,Surface Scratch,8,588,0.0136,Minor,Material variance,2024-10-01 00:00:00
395,Engine Mounts,2024-10-01,Material Contamination,8,612,0.0131,Minor,Material variance,2024-10-01 00:00:00
396,Control Valves,2024-10-01,Missing Component,18,683,0.0264,Minor,Machine calibration,2024-10-01 00:00:00
397,Control Valves,2024-10-02,Coating Failure,0,121,0.0,Major,Process deviation,2024-10-02 00:00:00
398,Composite Panels,2024-10-02,Incorrect Assembly,10,876,0.0114,Major,Tool wear,2024-10-02 00:00:00
399,Hydraulic Actuators,2024-10-03,Surface Scratch,22,748,0.0294,Critical,Process deviation,2024-10-03 00:00:00
400,Composite Panels,2024-10-04,Material Contamination,8,420,0.019,Major,Material variance,2024-10-04 00:00:00
401,Landing Gear,2024-10-05,Missing Component,17,570,0.0298,Critical,Environmental factors,2024-10-05 00:00:00
402,Turbine Blades,2024-10-05,Thread Damage,11,742,0.0148,Minor,Material variance,2024-10-05 00:00:00
403,Control Valves,2024-10-06,Dimensional Out-of-Spec,10,415,0.0241,Critical,Tool wear,2024-10-06 00:00:00
404,Turbine Blades,2024-10-09,Surface Scratch,7,464,0.0151,Minor,Environmental factors,2024-10-09 00:00:00
405,Composite Panels,2024-10-09,Weld Defect,16,622,0.0257,Critical,Material variance,2024-10-09 00:00:00
406,Landing Gear,2024-10-09,Coating Failure,6,190,0.0316,Major,Material variance,2024-10-09 00:00:00
407,Turbine Blades,2024-10-10,Stress Crack,10,388,0.0258,Major,Environmental factors,2024-10-10 00:00:00
408,Sensor Assemblies,2024-10-11,Material Contamination,36,977,0.0368,Critical,Material variance,2024-10-11 00:00:00
409,Composite Panels,2024-10-11,Coating Failure,5,419,0.0119,Critical,Material variance,2024-10-11 00:00:00
410,Control Valves,2024-10-11,Material Contamination,21,529,0.0397,Critical,Machine calibration,2024-10-11 00:00:00
411,Engine Mounts,2024-10-12,Porosity,11,478,0.023,Critical,Tool wear,2024-10-12 00:00:00
412,Engine Mounts,2024-10-13,Surface Scratch,28,574,0.0488,Minor,Environmental factors,2024-10-13 00:00:00
413,Hydraulic Actuators,2024-10-13,Dimensional Out-of-Spec,3,101,0.0297,Critical,Operator error,2024-10-13 00:00:00
414,Control Valves,2024-10-14,Surface Scratch,35,830,0.0422,Critical,Material variance,2024-10-14 00:00:00
415,Hydraulic Actuators,2024-10-15,Thread Damage,10,201,0.0498,Minor,Machine calibration,2024-10-15 00:00:00
416,Hydraulic Actuators,2024-10-15,Porosity,5,169,0.0296,Critical,Environmental factors,2024-10-15 00:00:00
417,Engine Mounts,2024-10-15,Incorrect Assembly,0,840,0.0,Minor,Tool wear,2024-10-15 00:00:00
418,Landing Gear,2024-10-16,Porosity,7,891,0.0079,Major,Material variance,2024-10-16 00:00:00
419,Sensor Assemblies,2024-10-16,Porosity,17,440,0.0386,Critical,Machine calibration,2024-10-16 00:00:00
420,Sensor Assemblies,2024-10-16,Stress Crack,29,682,0.0425,Critical,Machine calibration,2024-10-16 00:00:00
421,Turbine Blades,2024-10-18,Incorrect Assembly,3,825,0.0036,Critical,Process deviation,2024-10-18 00:00:00
422,Control Valves,2024-10-18,Coating Failure,8,168,0.0476,Minor,Material variance,2024-10-18 00:00:00
423,Engine Mounts,2024-10-18,Porosity,12,276,0.0435,Major,Operator error,2024-10-18 00:00:00
424,Turbine Blades,2024-10-19,Porosity,6,773,0.0078,Critical,Material variance,2024-10-19 00:00:00
425,Engine Mounts,2024-10-19,Surface Scratch,0,266,0.0,Critical,Environmental factors,2024-10-19 00:00:00
426,Precision Bearings,2024-10-20,Weld Defect,8,649,0.0123,Critical,Machine calibration,2024-10-20 00:00:00
427,Turbine Blades,2024-10-21,Missing Component,2,358,0.0056,Major,Process deviation,2024-10-21 00:00:00
428,Control Valves,2024-10-22,Porosity,8,848,0.0094,Minor,Tool wear,2024-10-22 00:00:00
429,Landing Gear,2024-10-22,Thread Damage,11,531,0.0207,Minor,Machine calibration,2024-10-22 00:00:00
430,Turbine Blades,2024-10-23,Surface Scratch,8,789,0.0101,Critical,Tool wear,2024-10-23 00:00:00
431,Turbine Blades,2024-10-24,Weld Defect,4,383,0.0104,Critical,Material variance,2024-10-24 00:00:00
432,Engine Mounts,2024-10-25,Dimensional Out-of-Spec,4,467,0.0086,Critical,Operator error,2024-10-25 00:00:00
433,Control Valves,2024-10-25,Porosity,2,142,0.0141,Critical,Process deviation,2024-10-25 00:00:00
434,Sensor Assemblies,2024-10-25,Missing Component,6,148,0.0405,Major,Material variance,2024-10-25 00:00:00
435,Control Valves,2024-10-28,Stress Crack,28,948,0.0295,Major,Operator error,2024-10-28 00:00:00
436,Composite Panels,2024-10-28,Thread Damage,6,698,0.0086,Minor,Material variance,2024-10-28 00:00:00
437,Landing Gear,2024-10-29,Material Contamination,1,800,0.0013,Minor,Tool wear,2024-10-29 00:00:00
438,Landing Gear,2024-10-30,Coating Failure,9,580,0.0155,Minor,Tool wear,2024-10-30 00:00:00
439,Hydraulic Actuators,2024-10-30,Weld Defect,33,696,0.0474,Critical,Tool wear,2024-10-30 00:00:00
440,Precision Bearings,2024-10-30,Missing Component,17,353,0.0482,Critical,Environmental factors,2024-10-30 00:00:00
441,Composite Panels,2024-10-31,Thread Damage,2,266,0.0075,Critical,Material variance,2024-10-31 00:00:00
442,Landing Gear,2024-10-31,Surface Scratch,15,529,0.0284,Minor,Tool wear,2024-10-31 00:00:00
443,Sensor Assemblies,2024-10-31,Incorrect Assembly,17,515,0.033,Major,Process deviation,2024-10-31 00:00:00
444,Turbine Blades,2024-11-01,Coating Failure,7,492,0.0142,Critical,Tool wear,2024-11-01 00:00:00
445,Composite Panels,2024-11-01,Surface Scratch,11,470,0.0234,Major,Environmental factors,2024-11-01 00:00:00
446,Precision Bearings,2024-11-01,Missing Component,16,897,0.0178,Minor,Tool wear,2024-11-01 00:00:00
447,Composite Panels,2024-11-02,Missing Component,6,500,0.012,Minor,Material variance,2024-11-02 00:00:00
448,Control Valves,2024-11-02,Incorrect Assembly,26,681,0.0382,Critical,Operator error,2024-11-02 00:00:00
449,Composite Panels,2024-11-02,Weld Defect,7,271,0.0258,Critical,Material variance,2024-11-02 00:00:00
450,Hydraulic Actuators,2024-11-03,Dimensional Out-of-Spec,26,544,0.0478,Critical,Operator error,2024-11-03 00:00:00
451,Hydraulic Actuators,2024-11-03,Coating Failure,6,361,0.0166,Minor,Material variance,2024-11-03 00:00:00
452,Sensor Assemblies,2024-11-03,Incorrect Assembly,35,770,0.0455,Major,Machine calibration,2024-11-03 00:00:00
453,Landing Gear,2024-11-04,Porosity,32,795,0.0403,Minor,Tool wear,2024-11-04 00:00:00
454,Landing Gear,2024-11-05,Coating Failure,39,857,0.0455,Critical,Machine calibration,2024-11-05 00:00:00
455,Control Valves,2024-11-05,Dimensional Out-of-Spec,19,841,0.0226,Minor,Environmental factors,2024-11-05 00:00:00
456,Composite Panels,2024-11-05,Weld Defect,7,369,0.019,Minor,Operator error,2024-11-05 00:00:00
457,Hydraulic Actuators,2024-11-06,Stress Crack,18,837,0.0215,Critical,Operator error,2024-11-06 00:00:00
458,Control Valves,2024-11-08,Missing Component,7,330,0.0212,Critical,Tool wear,2024-11-08 00:00:00
459,Control Valves,2024-11-08,Incorrect Assembly,1,179,0.0056,Minor,Environmental factors,2024-11-08 00:00:00
460,Composite Panels,2024-11-09,Missing Component,2,128,0.0156,Major,Process deviation,2024-11-09 00:00:00
461,Composite Panels,2024-11-09,Missing Component,36,806,0.0447,Major,Operator error,2024-11-09 00:00:00
462,Engine Mounts,2024-11-09,Missing Component,18,511,0.0352,Minor,Machine calibration,2024-11-09 00:00:00
463,Control Valves,2024-11-10,Coating Failure,7,469,0.0149,Major,Environmental factors,2024-11-10 00:00:00
464,Engine Mounts,2024-11-10,Coating Failure,17,977,0.0174,Major,Machine calibration,2024-11-10 00:00:00
465,Landing Gear,2024-11-11,Missing Component,6,541,0.0111,Critical,Tool wear,2024-11-11 00:00:00
466,Hydraulic Actuators,2024-11-11,Incorrect Assembly,9,451,0.02,Critical,Environmental factors,2024-11-11 00:00:00
467,Turbine Blades,2024-11-11,Thread Damage,21,686,0.0306,Major,Environmental factors,2024-11-11 00:00:00
468,Hydraulic Actuators,2024-11-13,Thread Damage,25,878,0.0285,Critical,Operator error,2024-11-13 00:00:00
469,Sensor Assemblies,2024-11-13,Coating Failure,24,689,0.0348,Major,Process deviation,2024-11-13 00:00:00
470,Landing Gear,2024-11-14,Surface Scratch,15,973,0.0154,Major,Operator error,2024-11-14 00:00:00
471,Control Valves,2024-11-15,Thread Damage,22,476,0.0462,Critical,Operator error,2024-11-15 00:00:00
472,Composite Panels,2024-11-16,Surface Scratch,4,225,0.0178,Minor,Operator error,2024-11-16 00:00:00
473,Control Valves,2024-11-17,Coating Failure,10,911,0.011,Critical,Operator error,2024-11-17 00:00:00
474,Precision Bearings,2024-11-18,Stress Crack,1,318,0.0031,Minor,Process deviation,2024-11-18 00:00:00
475,Control Valves,2024-11-18,Weld Defect,29,773,0.0375,Critical,Machine calibration,2024-11-18 00:00:00
476,Sensor Assemblies,2024-11-22,Dimensional Out-of-Spec,2,271,0.0074,Critical,Operator error,2024-11-22 00:00:00
477,Engine Mounts,2024-11-22,Missing Component,8,194,0.0412,Major,Material variance,2024-11-22 00:00:00
478,Control Valves,2024-11-22,Missing Component,21,471,0.0446,Minor,Material variance,2024-11-22 00:00:00
479,Engine Mounts,2024-11-23,Stress Crack,8,365,0.0219,Critical,Tool wear,2024-11-23 00:00:00
480,Engine Mounts,2024-11-23,Material Contamination,10,298,0.0336,Minor,Machine calibration,2024-11-23 00:00:00
481,Turbine Blades,2024-11-23,Coating Failure,33,808,0.0408,Major,Machine calibration,2024-11-23 00:00:00
482,Control Valves,2024-11-24,Stress Crack,14,555,0.0252,Critical,Environmental factors,2024-11-24 00:00:00
483,Composite Panels,2024-11-25,Coating Failure,20,798,0.0251,Critical,Material variance,2024-11-25 00:00:00
484,Engine Mounts,2024-11-25,Missing Component,0,103,0.0,Critical,Machine calibration,2024-11-25 00:00:00
485,Turbine Blades,2024-11-25,Incorrect Assembly,40,881,0.0454,Critical,Process deviation,2024-11-25 00:00:00
486,Sensor Assemblies,2024-11-28,Surface Scratch,33,764,0.0432,Critical,Tool wear,2024-11-28 00:00:00
487,Hydraulic Actuators,2024-11-28,Material Contamination,27,595,0.0454,Minor,Material variance,2024-11-28 00:00:00
488,Hydraulic Actuators,2024-11-30,Weld Defect,14,427,0.0328,Critical,Process deviation,2024-11-30 00:00:00
489,Turbine Blades,2024-11-30,Weld Defect,19,718,0.0265,Minor,Machine calibration,2024-11-30 00:00:00
490,Composite Panels,2024-12-02,Stress Crack,5,641,0.0078,Critical,Tool wear,2024-12-02 00:00:00
491,Landing Gear,2024-12-03,Thread Damage,12,302,0.0397,Major,Operator error,2024-12-03 00:00:00
492,Composite Panels,2024-12-04,Surface Scratch,14,280,0.05,Minor,Machine calibration,2024-12-04 00:00:00
493,Engine Mounts,2024-12-05,Incorrect Assembly,15,902,0.0166,Critical,Machine calibration,2024-12-05 00:00:00
494,Sensor Assemblies,2024-12-06,Weld Defect,42,947,0.0444,Critical,Material variance,2024-12-06 00:00:00
495,Hydraulic Actuators,2024-12-06,Stress Crack,10,254,0.0394,Critical,Machine calibration,2024-12-06 00:00:00
496,Hydraulic Actuators,2024-12-07,Incorrect Assembly,2,101,0.0198,Major,Machine calibration,2024-12-07 00:00:00
497,Sensor Assemblies,2024-12-08,Weld Defect,4,330,0.0121,Major,Process deviation,2024-12-08 00:00:00
498,Turbine Blades,2024-12-10,Dimensional Out-of-Spec,12,580,0.0207,Critical,Environmental factors,2024-12-10 00:00:00
499,Engine Mounts,2024-12-10,Coating Failure,2,146,0.0137,Minor,Process deviation,2024-12-10 00:00:00
500,Control Valves,2024-12-12,Dimensional Out-of-Spec,1,490,0.002,Critical,Process deviation,2024-12-12 00:00:00
501,Composite Panels,2024-12-14,Porosity,5,202,0.0248,Critical,Environmental factors,2024-12-14 00:00:00
502,Landing Gear,2024-12-15,Coating Failure,31,979,0.0317,Minor,Operator error,2024-12-15 00:00:00
503,Composite Panels,2024-12-16,Incorrect Assembly,6,589,0.0102,Major,Operator error,2024-12-16 00:00:00
504,Hydraulic Actuators,2024-12-16,Weld Defect,3,248,0.0121,Minor,Material variance,2024-12-16 00:00:00
505,Hydraulic Actuators,2024-12-17,Surface Scratch,32,829,0.0386,Minor,Tool wear,2024-12-17 00:00:00
506,Precision Bearings,2024-12-18,Porosity,5,257,0.0195,Minor,Machine calibration,2024-12-18 00:00:00
507,Hydraulic Actuators,2024-12-18,Material Contamination,40,834,0.048,Critical,Machine calibration,2024-12-18 00:00:00
508,Composite Panels,2024-12-19,Material Contamination,6,158,0.038,Minor,Operator error,2024-12-19 00:00:00
509,Control Valves,2024-12-19,Surface Scratch,20,480,0.0417,Major,Material variance,2024-12-19 00:00:00
510,Control Valves,2024-12-20,Porosity,1,168,0.006,Critical,Operator error,2024-12-20 00:00:00
511,Composite Panels,2024-12-20,Missing Component,31,800,0.0387,Critical,Material variance,2024-12-20 00:00:00
512,Turbine Blades,2024-12-20,Incorrect Assembly,21,597,0.0352,Critical,Environmental factors,2024-12-20 00:00:00
513,Landing Gear,2024-12-21,Incorrect Assembly,35,768,0.0456,Critical,Tool wear,2024-12-21 00:00:00
514,Landing Gear,2024-12-21,Material Contamination,12,325,0.0369,Major,Machine calibration,2024-12-21 00:00:00
515,Composite Panels,2024-12-23,Incorrect Assembly,15,334,0.0449,Major,Tool wear,2024-12-23 00:00:00
516,Sensor Assemblies,2024-12-23,Stress Crack,17,848,0.02,Critical,Operator error,2024-12-23 00:00:00
517,Precision Bearings,2024-12-24,Material Contamination,4,682,0.0059,Minor,Machine calibration,2024-12-24 00:00:00
518,Landing Gear,2024-12-24,Coating Failure,2,477,0.0042,Minor,Operator error,2024-12-24 00:00:00
519,Sensor Assemblies,2024-12-27,Surface Scratch,8,538,0.0149,Minor,Machine calibration,2024-12-27 00:00:00
520,Landing Gear,2024-12-27,Thread Damage,24,690,0.0348,Critical,Environmental factors,2024-12-27 00:00:00
521,Engine Mounts,2024-12-28,Incorrect Assembly,31,660,0.047,Critical,Tool wear,2024-12-28 00:00:00
522,Engine Mounts,2024-12-28,Material Contamination,0,922,0.0,Critical,Operator error,2024-12-28 00:00:00
523,Composite Panels,2024-12-29,Surface Scratch,10,262,0.0382,Critical,Environmental factors,2024-12-29 00:00:00
524,Landing Gear,2024-12-30,Dimensional Out-of-Spec,11,239,0.046,Critical,Operator error,2024-12-30 00:00:00
525,Landing Gear,2024-12-30,Coating Failure,7,306,0.0229,Minor,Process deviation,2024-12-30 00:00:00
526,Engine Mounts,2024-12-30,Coating Failure,29,644,0.045,Critical,Environmental factors,2024-12-30 00:00:00
527,Control Valves,2024-12-31,Coating Failure,2,175,0.0114,Major,Process deviation,2024-12-31 00:00:00
528,Control Valves,2024-12-31,Material Contamination,9,181,0.0497,Critical,Process deviation,2024-12-31 00:00:00
529,Composite Panels,2024-12-31,Stress Crack,1,791,0.0013,Major,Machine calibration,2024-12-31 00:00:00
